{"training_auc": {"max": 0.8819506599090567}, "_timestamp": 1706174933.197677, "valid_1_auc": {"max": 0.8319584838164877}, "iteration": 513, "_runtime": 229.77089881896973, "_step": 514, "auc": 0.8319584838164877, "accuracy": 0.7540983606557377, "_wandb": {"runtime": 228}}