{"training_auc": {"max": 0.8789001639561386}, "_timestamp": 1706175157.9832358, "valid_1_auc": {"max": 0.8298590382594949}, "iteration": 468, "_runtime": 212.6579508781433, "_step": 469, "auc": 0.8298590382594949, "accuracy": 0.749798441279226, "_wandb": {"runtime": 211}}