{"training_auc": {"max": 0.8892839839690428}, "_timestamp": 1706172617.2670796, "valid_1_auc": {"max": 0.8587715973795413}, "iteration": 957, "_runtime": 420.83029961586, "_step": 958, "auc": 0.8587715973795413, "accuracy": 0.8042477235099338, "_wandb": {"runtime": 420}}