{"training_auc": {"max": 0.8922227218121644}, "_timestamp": 1706153447.1066282, "valid_1_auc": {"max": 0.8630768721855103}, "iteration": 999, "_runtime": 449.4479241371155, "_step": 1000, "auc": 0.8630550554920859, "accuracy": 0.8068937224761809, "_wandb": {"runtime": 448}}