{"training_auc": {"max": 0.8862060415871142}, "_timestamp": 1706161352.7248726, "valid_1_auc": {"max": 0.8619456713761453}, "iteration": 928, "_runtime": 338.4573714733124, "_step": 929, "auc": 0.8619456713761453, "accuracy": 0.8040673886883273, "_wandb": {"runtime": 337}}