iter	Logloss
0	0.680303693
5	0.6274553169
