{"training_auc": {"max": 0.8977708456513226}, "_timestamp": 1706157053.8851318, "valid_1_auc": {"max": 0.8584221694337758}, "iteration": 1312, "_runtime": 493.1227889060974, "_step": 1313, "auc": 0.8584221694337757, "accuracy": 0.8049035282148178, "_wandb": {"runtime": 487}}