{"training_auc": {"max": 0.889285230986226}, "_timestamp": 1706155364.3196087, "valid_1_auc": {"max": 0.8590840591413863}, "iteration": 1755, "_runtime": 790.3046317100525, "_step": 1756, "auc": 0.8590840591413863, "accuracy": 0.8044673308203195, "_wandb": {"runtime": 789}}