{"training_auc": {"max": 0.8937638473368517}, "_timestamp": 1706151461.3765008, "valid_1_auc": {"max": 0.8595808617612933}, "iteration": 277, "_runtime": 138.37886095046997, "_step": 278, "auc": 0.8595808617612934, "accuracy": 0.8035835867641051, "_wandb": {"runtime": 137}}