{"training_auc": {"max": 0.8887481168915352}, "_timestamp": 1706160184.937483, "valid_1_auc": {"max": 0.8585021597737985}, "iteration": 590, "_runtime": 219.57369709014893, "_step": 591, "auc": 0.8585021597737985, "accuracy": 0.8027318288478809, "_wandb": {"runtime": 218}}