{"training_auc": {"max": 0.8848590902724283}, "_timestamp": 1706158368.6560092, "valid_1_auc": {"max": 0.8623877198409642}, "iteration": 3632, "_runtime": 1304.9338142871857, "_step": 3633, "auc": 0.8623877198409641, "accuracy": 0.8065841596338853, "_wandb": {"runtime": 1303}}