{"training_auc": {"max": 0.88346085839961}, "_timestamp": 1706151561.3014169, "valid_1_auc": {"max": 0.8590210379155135}, "iteration": 178, "_runtime": 73.61997294425964, "_step": 179, "auc": 0.8590210379155135, "accuracy": 0.8031811239268973, "_wandb": {"runtime": 72}}