{"training_auc": {"max": 0.8961892248593604}, "_timestamp": 1706152739.5081, "valid_1_auc": {"max": 0.8575922637621408}, "iteration": 419, "_runtime": 167.4549081325531, "_step": 420, "auc": 0.8575922637621407, "accuracy": 0.8029141104294478, "_wandb": {"runtime": 164}}