{"training_auc": {"max": 0.8774894906684452}, "_timestamp": 1706175839.3107328, "valid_1_auc": {"max": 0.8329651623591711}, "iteration": 518, "_runtime": 204.12346386909485, "_step": 519, "auc": 0.8329651623591712, "accuracy": 0.7557108304219295, "_wandb": {"runtime": 203}}