{"training_auc": {"max": 0.8949299701872195}, "_timestamp": 1706176043.1560333, "valid_1_auc": {"max": 0.8343459751832452}, "iteration": 395, "_runtime": 196.18942022323608, "_step": 396, "auc": 0.8343459751832452, "accuracy": 0.7535608707336737, "_wandb": {"runtime": 195}}