{"training_auc": {"max": 0.8786939419447202}, "_timestamp": 1706152213.397661, "valid_1_auc": {"max": 0.8585084374903815}, "iteration": 355, "_runtime": 133.47796201705933, "_step": 356, "auc": 0.8585084374903816, "accuracy": 0.8038756388415673, "_wandb": {"runtime": 132}}