{"training_auc": {"max": 0.8872427861795099}, "_timestamp": 1706168834.1521113, "valid_1_auc": {"max": 0.8588044293210916}, "iteration": 1058, "_runtime": 453.7102282047272, "_step": 1059, "auc": 0.8588044293210917, "accuracy": 0.8027959214611029, "_wandb": {"runtime": 452}}