{"training_auc": {"max": 0.890000580935431}, "_timestamp": 1706152336.8503797, "valid_1_auc": {"max": 0.8570733101182781}, "iteration": 210, "_runtime": 105.88094758987427, "_step": 211, "auc": 0.8570733101182781, "accuracy": 0.8025023286257332, "_wandb": {"runtime": 104}}