{"training_auc": {"max": 0.8937210761861015}, "_timestamp": 1706154200.6032119, "valid_1_auc": {"max": 0.8635398652625917}, "iteration": 1516, "_runtime": 604.7396769523621, "_step": 1517, "auc": 0.8635398652625916, "accuracy": 0.8064936163016826, "_wandb": {"runtime": 603}}