{"training_auc": {"max": 0.8924458255943986}, "_timestamp": 1706156548.4540899, "valid_1_auc": {"max": 0.8619931454584442}, "iteration": 444, "_runtime": 179.61317491531372, "_step": 445, "auc": 0.8619931454584442, "accuracy": 0.8072828730862784, "_wandb": {"runtime": 178}}