{"training_auc": {"max": 0.8907111967956723}, "_timestamp": 1706159759.12086, "valid_1_auc": {"max": 0.8628525565499222}, "iteration": 772, "_runtime": 304.6106011867523, "_step": 773, "auc": 0.8628525565499222, "accuracy": 0.8063639673958712, "_wandb": {"runtime": 303}}