{"training_auc": {"max": 0.8898591828637058}, "_timestamp": 1706175624.445239, "valid_1_auc": {"max": 0.834372502865098}, "iteration": 1132, "_runtime": 457.34190607070923, "_step": 1133, "auc": 0.834372502865098, "accuracy": 0.7589357699543133, "_wandb": {"runtime": 456}}