{"training_auc": {"max": 0.8905590591083157}, "_timestamp": 1706162521.788488, "valid_1_auc": {"max": 0.8598614833714039}, "iteration": 1328, "_runtime": 541.5118780136108, "_step": 1329, "auc": 0.8598614833714038, "accuracy": 0.8054959573006394, "_wandb": {"runtime": 540}}