{"training_auc": {"max": 0.8978315524206385}, "_timestamp": 1706167364.4426856, "valid_1_auc": {"max": 0.8620681921534854}, "iteration": 1055, "_runtime": 446.2719306945801, "_step": 1056, "auc": 0.8620681921534854, "accuracy": 0.8064622598561413, "_wandb": {"runtime": 445}}