{"training_auc": {"max": 0.8867260609982516}, "_timestamp": 1706170226.3300076, "valid_1_auc": {"max": 0.8598011393109987}, "iteration": 2497, "_runtime": 929.0786895751953, "_step": 2498, "auc": 0.8598011393109987, "accuracy": 0.8028406126997676, "_wandb": {"runtime": 928}}