{"training_auc": {"max": 0.8899608490801224}, "_timestamp": 1706158740.9914896, "valid_1_auc": {"max": 0.8611796395193096}, "iteration": 820, "_runtime": 361.7731556892395, "_step": 821, "auc": 0.8611796395193096, "accuracy": 0.8061042343370497, "_wandb": {"runtime": 360}}