{"training_auc": {"max": 0.8701192904818499}, "_timestamp": 1706149118.762649, "valid_1_auc": {"max": 0.8573630181395443}, "iteration": 364, "_runtime": 150.9627070426941, "_step": 364}