{"training_auc": {"max": 0.8945316932376098}, "_timestamp": 1706159442.6776521, "valid_1_auc": {"max": 0.8639032192780145}, "iteration": 890, "_runtime": 315.490492105484, "_step": 891, "auc": 0.8639032192780145, "accuracy": 0.8068018961525741, "_wandb": {"runtime": 314}}