{"training_auc": {"max": 0.8764251751757627}, "_timestamp": 1706174690.2752655, "valid_1_auc": {"max": 0.829874578999545}, "iteration": 719, "_runtime": 359.8515615463257, "_step": 720, "auc": 0.829874578999545, "accuracy": 0.7503359312012899, "_wandb": {"runtime": 358}}