{"training_auc": {"max": 0.8858428586879871}, "_timestamp": 1706176183.3891404, "valid_1_auc": {"max": 0.8344848298885296}, "iteration": 236, "_runtime": 121.97005248069763, "_step": 237, "auc": 0.8344848298885296, "accuracy": 0.7571889277076055, "_wandb": {"runtime": 121}}