{"training_auc": {"max": 0.8913315599086857}, "_timestamp": 1706159107.9805076, "valid_1_auc": {"max": 0.863307894435739}, "iteration": 865, "_runtime": 343.8413326740265, "_step": 866, "auc": 0.8633078944357389, "accuracy": 0.8069070720329212, "_wandb": {"runtime": 342}}