{"epoch": 19, "train_loss_epoch": 0.5916464328765869, "train_auc_epoch": 0.7508756895525328, "train_acc_epoch": 0.6919795221843004, "valid_auc_epoch": 0.7410958075339621, "valid_acc_epoch": 0.6845771144278607, "_timestamp": 1704336291.8983133, "_runtime": 35.033353328704834, "_step": 19, "_wandb": {"runtime": 34}}