{"training_auc": {"max": 0.8819689394781928}, "_timestamp": 1706149684.0053294, "valid_1_auc": {"max": 0.8581354280620982}, "iteration": 499, "_runtime": 186.40357041358948, "_step": 500, "auc": 0.8581247980548885, "accuracy": 0.8036277094002732, "_wandb": {"runtime": 185}}