{"training_auc": {"max": 0.8965913217745317}, "_timestamp": 1706150854.5039997, "valid_1_auc": {"max": 0.8596097005304317}, "iteration": 182, "_runtime": 91.18450260162354, "_step": 183, "auc": 0.8596097005304318, "accuracy": 0.8042462876744064, "_wandb": {"runtime": 90}}