{"training_auc": {"max": 0.8912343049465647}, "_timestamp": 1706163911.2908425, "valid_1_auc": {"max": 0.8627628866533525}, "iteration": 1081, "_runtime": 378.5099105834961, "_step": 1082, "auc": 0.8627628866533525, "accuracy": 0.8067042114474187, "_wandb": {"runtime": 377}}