{"training_auc": {"max": 0.8894357501275643}, "_timestamp": 1706163517.2905204, "valid_1_auc": {"max": 0.8605715029465842}, "iteration": 1080, "_runtime": 375.9588043689728, "_step": 1081, "auc": 0.8605715029465842, "accuracy": 0.808396770472895, "_wandb": {"runtime": 375}}