{"training_auc": {"max": 0.8906185108180306}, "_timestamp": 1706161969.5133348, "valid_1_auc": {"max": 0.8602317342885648}, "iteration": 1778, "_runtime": 605.2809636592865, "_step": 1779, "auc": 0.8602317342885647, "accuracy": 0.8059850706478272, "_wandb": {"runtime": 602}}