{"training_auc": {"max": 0.8873820476214983}, "_timestamp": 1706168199.5585992, "valid_1_auc": {"max": 0.8625489392009807}, "iteration": 1169, "_runtime": 458.9546113014221, "_step": 1170, "auc": 0.8625489392009807, "accuracy": 0.8073361963673614, "_wandb": {"runtime": 458}}