{"training_auc": {"max": 0.8786777531602991}, "_timestamp": 1706151650.444032, "valid_1_auc": {"max": 0.8573220770611535}, "iteration": 174, "_runtime": 79.1355369091034, "_step": 174}