{"training_auc": {"max": 0.8834730508602142}, "_timestamp": 1706150001.661606, "valid_1_auc": {"max": 0.8602706947209867}, "iteration": 417, "_runtime": 211.405531167984, "_step": 418, "auc": 0.8602706947209866, "accuracy": 0.8053801416815658, "_wandb": {"runtime": 210}}