{"training_auc": {"max": 0.9009902995733996}, "_timestamp": 1706156357.1272995, "valid_1_auc": {"max": 0.860402323803362}, "iteration": 2132, "_runtime": 852.6315636634827, "_step": 2133, "auc": 0.8604023238033618, "accuracy": 0.8053906617542116, "_wandb": {"runtime": 851}}