{"training_auc": {"max": 0.8774075808058632}, "_timestamp": 1706149487.3784506, "valid_1_auc": {"max": 0.857315356977975}, "iteration": 357, "_runtime": 126.3582215309143, "_step": 358, "auc": 0.8573153569779748, "accuracy": 0.8034267062167227, "_wandb": {"runtime": 125}}