{"training_auc": {"max": 0.8921857224021275}, "_timestamp": 1706152068.5074012, "valid_1_auc": {"max": 0.8609649503669172}, "iteration": 999, "_runtime": 380.3067092895508, "_step": 1000, "auc": 0.8609558423272523, "accuracy": 0.8056435832164441, "_wandb": {"runtime": 379}}