{"training_auc": {"max": 0.8940762431433675}, "_timestamp": 1706165064.1065412, "valid_1_auc": {"max": 0.8621110206372835}, "iteration": 2981, "_runtime": 1141.79740524292, "_step": 2982, "auc": 0.8621110206372835, "accuracy": 0.8081156995159267, "_wandb": {"runtime": 1140}}