{"training_auc": {"max": 0.8930959840318938}, "_timestamp": 1706163124.0910873, "valid_1_auc": {"max": 0.862110157938419}, "iteration": 1530, "_runtime": 591.8479952812195, "_step": 1531, "auc": 0.8621101579384192, "accuracy": 0.8048410833131988, "_wandb": {"runtime": 590}}