{"training_auc": {"max": 0.8828729531530866}, "_timestamp": 1706149349.0336752, "valid_1_auc": {"max": 0.8601844795153449}, "iteration": 434, "_runtime": 179.07220721244812, "_step": 435, "auc": 0.860184479515345, "accuracy": 0.8046384317466807, "_wandb": {"runtime": 178}}