{"training_auc": {"max": 0.8759060554516931}, "_timestamp": 1706159953.1798427, "valid_1_auc": {"max": 0.8595439485714623}, "iteration": 518, "_runtime": 183.54272365570068, "_step": 519, "auc": 0.8595439485714623, "accuracy": 0.8047660184151197, "_wandb": {"runtime": 182}}