{"training_auc": {"max": 0.8875103030328294}, "_timestamp": 1706160525.171622, "valid_1_auc": {"max": 0.8634344634842852}, "iteration": 896, "_runtime": 329.24259901046753, "_step": 897, "auc": 0.8634344634842852, "accuracy": 0.8083374070765134, "_wandb": {"runtime": 328}}