{"training_auc": {"max": 0.8614929917188346}, "_timestamp": 1706173754.0846233, "valid_1_auc": {"max": 0.8538792307566269}, "iteration": 1499, "_runtime": 797.776385307312, "_step": 1500, "auc": 0.853879230756627, "accuracy": 0.8004267191859511, "_wandb": {"runtime": 797}}