{"training_auc": {"max": 0.891693161029726}, "_timestamp": 1706166906.8893828, "valid_1_auc": {"max": 0.8618998149319747}, "iteration": 686, "_runtime": 300.6212818622589, "_step": 687, "auc": 0.8618998149319745, "accuracy": 0.8071153410378428, "_wandb": {"runtime": 299}}