{"training_auc": {"max": 0.8924946517479254}, "_timestamp": 1706151071.8170886, "valid_1_auc": {"max": 0.8590117460997222}, "iteration": 499, "_runtime": 207.84118366241455, "_step": 500, "auc": 0.8589944196903261, "accuracy": 0.804935932401267, "_wandb": {"runtime": 207}}