{"training_auc": {"max": 0.8929599734746827}, "_timestamp": 1706160996.320014, "valid_1_auc": {"max": 0.8629070739317779}, "iteration": 1295, "_runtime": 461.0040559768677, "_step": 1296, "auc": 0.862907073931778, "accuracy": 0.8068493695557059, "_wandb": {"runtime": 460}}