{"training_auc": {"max": 0.8936221548029729}, "_timestamp": 1706167730.3410714, "valid_1_auc": {"max": 0.8613747358861209}, "iteration": 827, "_runtime": 355.1083984375, "_step": 828, "auc": 0.8613747358861208, "accuracy": 0.8055155427846401, "_wandb": {"runtime": 354}}