{"training_auc": {"max": 0.8781323992603214}, "_timestamp": 1706149779.5479631, "valid_1_auc": {"max": 0.8554674158778703}, "iteration": 223, "_runtime": 83.96665811538696, "_step": 224, "auc": 0.8554674158778702, "accuracy": 0.8015641115060138, "_wandb": {"runtime": 82}}