{"training_auc": {"max": 0.8963904986417327}, "_timestamp": 1706176646.3968446, "valid_1_auc": {"max": 0.8354632459690754}, "iteration": 761, "_runtime": 311.47063970565796, "_step": 762, "auc": 0.8354632459690754, "accuracy": 0.7553077129803816, "_wandb": {"runtime": 310}}