{"training_auc": {"max": 0.8769490123933869}, "_timestamp": 1706150754.469284, "valid_1_auc": {"max": 0.8591133697786688}, "iteration": 499, "_runtime": 245.51964712142944, "_step": 500, "auc": 0.8591011252730644, "accuracy": 0.8042970935707364, "_wandb": {"runtime": 244}}