{"iterations": 1239, "od_wait": 1960, "learning_rate": 0.01964072568965521, "min_data_in_leaf": 12, "leaf_estimation_iterations": 1, "l2_leaf_reg": 0.8871783639555195, "border_count": 78, "random_strength": 11, "bagging_temperature": 0.47292665364161335}