{"training_auc": {"max": 0.8964950983466129}, "_timestamp": 1706150256.4940743, "valid_1_auc": {"max": 0.8614676250960374}, "iteration": 240, "_runtime": 131.22950434684753, "_step": 241, "auc": 0.8614676250960374, "accuracy": 0.8044509900180004, "_wandb": {"runtime": 130}}