{"training_auc": {"max": 0.8884118426853324}, "_timestamp": 1706172939.1843705, "valid_1_auc": {"max": 0.8576612089683304}, "iteration": 699, "_runtime": 309.9081814289093, "_step": 700, "auc": 0.8576612089683304, "accuracy": 0.8021202236719478, "_wandb": {"runtime": 308}}