{"training_auc": {"max": 0.8953326605998227}, "_timestamp": 1706171405.3131094, "valid_1_auc": {"max": 0.8589468203759427}, "iteration": 621, "_runtime": 247.18662643432617, "_step": 622, "auc": 0.8589468203759427, "accuracy": 0.8030896924046745, "_wandb": {"runtime": 246}}