{"train_loss_epoch": 0.6929033994674683, "train_acc_epoch": 0.7699302331780536, "train_auc_epoch": 0.8175925608463273, "valid_acc_epoch": 0.774, "valid_auc_epoch": 0.8190242914801561, "_timestamp": 1704336641.9662316, "_runtime": 29.657482624053955, "_step": 19, "_wandb": {"runtime": 28}}