{"training_auc": {"max": 0.8863775266284335}, "_timestamp": 1706166592.636235, "valid_1_auc": {"max": 0.8610413205471261}, "iteration": 3751, "_runtime": 1510.1949429512024, "_step": 3752, "auc": 0.8610413205471261, "accuracy": 0.8046386107634543, "_wandb": {"runtime": 1507}}