{"training_auc": {"max": 0.8977610816703337}, "_timestamp": 1706169282.9003417, "valid_1_auc": {"max": 0.8594725776530021}, "iteration": 1022, "_runtime": 439.50967168807983, "_step": 1023, "auc": 0.8594725776530021, "accuracy": 0.8048745914215196, "_wandb": {"runtime": 438}}