{"training_auc": {"max": 0.8929361330995127}, "_timestamp": 1706176323.7815661, "valid_1_auc": {"max": 0.8346583079169951}, "iteration": 268, "_runtime": 127.74368715286255, "_step": 269, "auc": 0.8346583079169949, "accuracy": 0.7577264176296694, "_wandb": {"runtime": 126}}