{"training_auc": {"max": 0.9046630699862339}, "_timestamp": 1706172183.1952329, "valid_1_auc": {"max": 0.8586600051008165}, "iteration": 1021, "_runtime": 446.5435118675232, "_step": 1022, "auc": 0.8586600051008166, "accuracy": 0.803814039965544, "_wandb": {"runtime": 445}}