{"training_auc": {"max": 0.8948851336776148}, "_timestamp": 1706152560.3902812, "valid_1_auc": {"max": 0.8601509845878602}, "iteration": 430, "_runtime": 212.35149431228638, "_step": 431, "auc": 0.8601509845878603, "accuracy": 0.805172068827531, "_wandb": {"runtime": 211}}