{"training_auc": {"max": 0.8987189932393116}, "_timestamp": 1706171723.0078592, "valid_1_auc": {"max": 0.859165701935979}, "iteration": 726, "_runtime": 304.5647473335266, "_step": 727, "auc": 0.8591657019359791, "accuracy": 0.8041309558709411, "_wandb": {"runtime": 303}}