{"training_auc": {"max": 0.8751597891406676}, "_timestamp": 1706151310.724314, "valid_1_auc": {"max": 0.8602621092489297}, "iteration": 499, "_runtime": 228.38822197914124, "_step": 500, "auc": 0.8602621092489298, "accuracy": 0.80449059966337, "_wandb": {"runtime": 227}}