iter	RMSE
0	0.475400405
5	0.4749752521
10	0.474554437
