{"training_auc": {"max": 0.8755922019304979}, "_timestamp": 1706150489.995429, "valid_1_auc": {"max": 0.859087331703657}, "iteration": 499, "_runtime": 221.83664798736572, "_step": 500, "auc": 0.859087331703657, "accuracy": 0.8041747704554706, "_wandb": {"runtime": 220}}